<?xml version="1.0" encoding="UTF-8"?>

<mule xmlns:batch="http://www.mulesoft.org/schema/mule/batch" xmlns:file="http://www.mulesoft.org/schema/mule/file" xmlns:dw="http://www.mulesoft.org/schema/mule/ee/dw" xmlns:db="http://www.mulesoft.org/schema/mule/db" xmlns:metadata="http://www.mulesoft.org/schema/mule/metadata" xmlns:sfdc="http://www.mulesoft.org/schema/mule/sfdc" xmlns:http="http://www.mulesoft.org/schema/mule/http" xmlns:tracking="http://www.mulesoft.org/schema/mule/ee/tracking" xmlns="http://www.mulesoft.org/schema/mule/core" xmlns:doc="http://www.mulesoft.org/schema/mule/documentation"
	xmlns:spring="http://www.springframework.org/schema/beans" 
	xmlns:xsi="http://www.w3.org/2001/XMLSchema-instance"
	xsi:schemaLocation="http://www.springframework.org/schema/beans http://www.springframework.org/schema/beans/spring-beans-current.xsd
http://www.mulesoft.org/schema/mule/core http://www.mulesoft.org/schema/mule/core/current/mule.xsd
http://www.mulesoft.org/schema/mule/http http://www.mulesoft.org/schema/mule/http/current/mule-http.xsd
http://www.mulesoft.org/schema/mule/ee/tracking http://www.mulesoft.org/schema/mule/ee/tracking/current/mule-tracking-ee.xsd
http://www.mulesoft.org/schema/mule/sfdc http://www.mulesoft.org/schema/mule/sfdc/current/mule-sfdc.xsd
http://www.mulesoft.org/schema/mule/ee/dw http://www.mulesoft.org/schema/mule/ee/dw/current/dw.xsd
http://www.mulesoft.org/schema/mule/file http://www.mulesoft.org/schema/mule/file/current/mule-file.xsd
http://www.mulesoft.org/schema/mule/db http://www.mulesoft.org/schema/mule/db/current/mule-db.xsd
http://www.mulesoft.org/schema/mule/batch http://www.mulesoft.org/schema/mule/batch/current/mule-batch.xsd">
    <batch:job name="accountsBatch">
        <batch:input>
            <poll doc:name="Poll">
                <fixed-frequency-scheduler frequency="5" timeUnit="SECONDS"/>
                <watermark variable="lastAccountID" default-expression="0" selector="MAX" selector-expression="#[payload.accountID]"/>
                <db:select config-ref="MySQL_Configuration" doc:name="Database">
                    <db:parameterized-query><![CDATA[SELECT * FROM accounts
WHERE postal = '80305' AND accountID > #[flowVars.lastAccountID]]]></db:parameterized-query>
                </db:select>
            </poll>
        </batch:input>
        <batch:process-records>
            <batch:step name="Batch_Step3">
                <sfdc:query config-ref="Salesforce__Basic_Authentication" query="dsql:SELECT Name FROM Account WHERE Name = '#[payload.Name]'" doc:name="Salesforce"/>
            </batch:step>
            <batch:step name="Batch_Step2">
                <logger message="#['\n\nRECORD: ' + payload]" level="INFO" doc:name="Logger"/>
            </batch:step>
        </batch:process-records>
    </batch:job>
    <batch:job name="getCSVAccountsBatch">
        <batch:input>
            <file:inbound-endpoint path="src/main/resources/input" moveToPattern="#[message.inboundProperties.originalFilename].backup" moveToDirectory="src/main/resources/output" responseTimeout="10000" doc:name="File" metadata:id="4748b1a4-c757-4cf0-ba1f-c5b76aa32d9f">
                <file:filename-regex-filter pattern=".*csv" caseSensitive="false"/>
            </file:inbound-endpoint>
            <dw:transform-message doc:name="Transform Message">
                <dw:set-payload><![CDATA[%dw 1.0
%output application/java
---
payload]]></dw:set-payload>
            </dw:transform-message>
            <set-variable variableName="size" value="#[payload.size]" doc:name="Set size flowVar"/>
        </batch:input>
        <batch:process-records>
            <batch:step name="Batch_Step">
                <set-variable variableName="fname" value="#[payload.Name]" doc:name="Set fname flowVar"/>
                <batch:set-record-variable variableName="rname" value="#[payload.Name]" doc:name="Set rname to recordVar"/>
                <logger message="#[recordVars.rname]" level="INFO" doc:name="Logger"/>
            </batch:step>
            <batch:step name="Batch_Step1">
                <logger message="#[recordVars.rname]" level="INFO" doc:name="Logger"/>
            </batch:step>
        </batch:process-records>
    </batch:job>
    <flow name="getCSVAccountsFlow" initialState="stopped">
        <file:inbound-endpoint path="src/main/resources/input" moveToPattern="#[message.inboundProperties.originalFilename].backup" moveToDirectory="src/main/resources/output" responseTimeout="10000" doc:name="File" metadata:id="4748b1a4-c757-4cf0-ba1f-c5b76aa32d9f">
            <file:filename-regex-filter pattern=".*csv" caseSensitive="false"/>
        </file:inbound-endpoint>
        <dw:transform-message doc:name="Transform Message">
            <dw:set-payload><![CDATA[%dw 1.0
%output application/java
---
payload]]></dw:set-payload>
        </dw:transform-message>
        <foreach doc:name="For Each">
            <logger message="#[payload]" level="INFO" doc:name="Logger"/>
        </foreach>
        <logger message="#[payload]" level="INFO" doc:name="Logger"/>
    </flow>
    <flow name="pollDatabaseFlow" initialState="stopped" processingStrategy="synchronous">
        <poll doc:name="Poll">
            <fixed-frequency-scheduler frequency="5" timeUnit="SECONDS"/>
            <watermark variable="lastAccountID" default-expression="0" selector="MAX" selector-expression="#[payload.accountID]"/>
            <db:select config-ref="MySQL_Configuration" doc:name="Database">
                <db:parameterized-query><![CDATA[SELECT * FROM accounts
WHERE postal = '80305' AND accountID > #[flowVars.lastAccountID]]]></db:parameterized-query>
            </db:select>
        </poll>
        <logger message="#[payload]" level="INFO" doc:name="Logger"/>
    </flow>
    <flow name="getSFDCAccountsFlow">
        <http:listener config-ref="HTTP_Listener_Configuration" path="/sfdc" allowedMethods="GET" doc:name="HTTP"/>
        <sfdc:query config-ref="Salesforce__Basic_Authentication" query="dsql:SELECT BillingCity,BillingCountry,BillingPostalCode,BillingState,BillingStreet,Name FROM Account WHERE BillingPostalCode = '80305'" doc:name="Salesforce"/>
        <dw:transform-message doc:name="Transform Message">
            <dw:set-payload><![CDATA[%dw 1.0
%output application/json
---
payload]]></dw:set-payload>
        </dw:transform-message>
        <logger level="INFO" doc:name="Logger"/>
    </flow>
</mule>
