<?xml version="1.0" encoding="UTF-8"?>

<mule xmlns:validation="http://www.mulesoft.org/schema/mule/validation" xmlns:ws="http://www.mulesoft.org/schema/mule/ws" xmlns:dw="http://www.mulesoft.org/schema/mule/ee/dw"
	xmlns:metadata="http://www.mulesoft.org/schema/mule/metadata"
	xmlns:http="http://www.mulesoft.org/schema/mule/http" xmlns:tracking="http://www.mulesoft.org/schema/mule/ee/tracking"
	xmlns="http://www.mulesoft.org/schema/mule/core" xmlns:doc="http://www.mulesoft.org/schema/mule/documentation"
	xmlns:spring="http://www.springframework.org/schema/beans" xmlns:xsi="http://www.w3.org/2001/XMLSchema-instance"
	xsi:schemaLocation="http://www.springframework.org/schema/beans http://www.springframework.org/schema/beans/spring-beans-current.xsd
http://www.mulesoft.org/schema/mule/core http://www.mulesoft.org/schema/mule/core/current/mule.xsd
http://www.mulesoft.org/schema/mule/http http://www.mulesoft.org/schema/mule/http/current/mule-http.xsd
http://www.mulesoft.org/schema/mule/ee/tracking http://www.mulesoft.org/schema/mule/ee/tracking/current/mule-tracking-ee.xsd
http://www.mulesoft.org/schema/mule/ee/dw http://www.mulesoft.org/schema/mule/ee/dw/current/dw.xsd
http://www.mulesoft.org/schema/mule/ws http://www.mulesoft.org/schema/mule/ws/current/mule-ws.xsd
http://www.mulesoft.org/schema/mule/validation http://www.mulesoft.org/schema/mule/validation/current/mule-validation.xsd">
	<flow name="getFlightsFlow">
		<http:listener config-ref="HTTP_Listener_Configuration"
			path="/flights" allowedMethods="GET" doc:name="HTTP" />
        <set-variable variableName="airline" value="#[message.inboundProperties.'http.query.params'.airline]" doc:name="Set airline variable"/>
        <flow-ref name="setCodeSubFlow" doc:name="setCodeSubFlow"/>
        <choice doc:name="Choice">
            <when expression="#[flowVars.airline == &quot;delta&quot;]">
                <flow-ref name="getDeltaFlightsFlow" doc:name="getDeltaFlightsFlow"/>
            </when>
            <when expression="#[flowVars.airline == &quot;american&quot;]">
                <flow-ref name="getAmericanFlightsFlow" doc:name="getAmericanFlightsFlow"/>
            </when>
            <when expression="#[flowVars.airline == &quot;united&quot;]">
                <flow-ref name="getUnitedFlightsFlow" doc:name="getUnitedFlightsFlow"/>
            </when>
            <otherwise>
                <flow-ref name="getAllAirlineFlightsFlow" doc:name="getAllAirlineFlightsFlow"/>
            </otherwise>
        </choice>
        <validation:is-not-empty message="Payload is empty" value="#[payload]" doc:name="Validation"/>
        <dw:transform-message doc:name="Transform Message">
            <dw:set-payload><![CDATA[%dw 1.0
%output application/json
---
payload orderBy $.price]]></dw:set-payload>
        </dw:transform-message>
		<logger level="INFO" doc:name="Logger" />
	</flow>
	<sub-flow name="setCodeSubFlow">
		<set-variable variableName="code"
			value="#[message.inboundProperties.'http.query.params'.code == empty ? &quot;SFO&quot; : message.inboundProperties.'http.query.params'.code]"
			doc:name="Set airport code variable" />
	</sub-flow>
	<flow name="getUnitedFlightsFlow">
		<http:request config-ref="United_HTTP_Request_Configuration"
			path="/essentials/united/flights/{destination}" method="GET"
			doc:name="United REST Request">
			<http:request-builder>
				<http:uri-param paramName="destination" value="#[flowVars.code]" />
			</http:request-builder>
		</http:request>
		<dw:transform-message doc:name="Transform Message"
			metadata:id="68380840-d19b-44ab-9cef-26db24e4726a">
			<dw:input-payload mimeType="application/json" />
			<dw:set-payload><![CDATA[%dw 1.0
%output application/java
---
payload.flights map ((flight , indexOfFlight) -> {
	airlineName: flight.airlineName,
	availableSeats: flight.emptySeats,
	departureDate: flight.departureDate,
	destination: flight.destination,
	flightCode: flight.code,
	origination: flight.origin,
	planeType: flight.planeType,
	price: flight.price
} as :object {
	class : "com.mulesoft.training.Flight"
})]]></dw:set-payload>
		</dw:transform-message>
		<logger level="INFO" doc:name="Logger" />
	</flow>
	<flow name="getAmericanFlightsFlow">
		<http:request config-ref="American_HTTP_Request_Configuration"
			path="/flights" method="GET" doc:name="American REST Request">
			<http:request-builder>
				<http:query-param paramName="code" value="#[flowVars.code]" />
			</http:request-builder>
		</http:request>
		<dw:transform-message doc:name="Transform Message"
			metadata:id="7b83c7d5-9f6c-4244-9c6e-19fa385a5fb3">
			<dw:input-payload mimeType="application/json" />
			<dw:set-payload><![CDATA[%dw 1.0
%output application/java
---
payload map ((payload01 , indexOfPayload01) -> {
	airlineName: "American",
	availableSeats: payload01.emptySeats,
	departureDate: payload01.departureDate,
	destination: payload01.destination,
	flightCode: payload01.code,
	origination: payload01.origin,
	planeType: payload01.plane.type,
	price: payload01.price
} as :object {
	class : "com.mulesoft.training.Flight"
})]]></dw:set-payload>
		</dw:transform-message>
	</flow>
	<flow name="getDeltaFlightsFlow">
		<dw:transform-message doc:name="Transform Message">
			<dw:set-payload><![CDATA[%dw 1.0
%output application/xml
%namespace ns0 http://soap.training.mulesoft.com/
---
{
	ns0#findFlight: {
		destination: flowVars.code as :string
	}
}]]></dw:set-payload>
		</dw:transform-message>
		<ws:consumer config-ref="Delta_Web_Service_Consumer"
			operation="findFlight" doc:name="Delta SOAP Request" />
		<dw:transform-message doc:name="Transform Message"
			metadata:id="ffaede60-3d20-41bd-9e91-a72ccd1430f6">
			<dw:set-payload><![CDATA[%dw 1.0
%output application/java
%namespace ns0 http://soap.training.mulesoft.com/
---
payload.ns0#findFlightResponse.*return map ((return , indexOfReturn) -> {
	airlineName: return.airlineName,
	availableSeats: return.emptySeats,
	departureDate: return.departureDate,
	destination: return.destination,
	flightCode: return.code,
	origination: return.origin,
	planeType: return.planeType,
	price: return.price
} as :object {
	class : "com.mulesoft.training.Flight"
})]]></dw:set-payload>
		</dw:transform-message>
		<logger level="INFO" doc:name="Logger" />

	</flow>
    <flow name="getAllAirlineFlightsFlow">
        <scatter-gather doc:name="Scatter-Gather">
            <processor-chain>
                <flow-ref name="getDeltaFlightsFlow" doc:name="getDeltaFlightsFlow"/>
                <filter ref="Filter_Not_List" doc:name="Filter Reference"/>
            </processor-chain>
            <processor-chain>
                <flow-ref name="getAmericanFlightsFlow" doc:name="getAmericanFlightsFlow"/>
                <filter ref="Filter_Not_List" doc:name="Filter Reference"/>
            </processor-chain>
            <processor-chain>
                <flow-ref name="getUnitedFlightsFlow" doc:name="getUnitedFlightsFlow"/>
                <filter ref="Filter_Not_List" doc:name="Filter Reference"/>
            </processor-chain>
        </scatter-gather>
        <dw:transform-message doc:name="Transform Message">
            <dw:set-payload><![CDATA[%dw 1.0
%output application/java
---
flatten payload]]></dw:set-payload>
        </dw:transform-message>
        <logger level="INFO" doc:name="Logger"/>
    </flow>
    <flow name="postFlightFlow">
        <http:listener config-ref="HTTP_Listener_Configuration" path="/flights" allowedMethods="POST" doc:name="HTTP"/>
        <dw:transform-message doc:name="Transform Message" metadata:id="83f4e606-7a52-4d26-9676-d7fc9e964e50">
            <dw:input-payload doc:sample="D:\MUlesoft\MUFundamentals3.8_studentFiles_16aug2016\schemas-and-examples\flight-example.json" mimeType="application/json"/>
            <dw:set-payload><![CDATA[%dw 1.0
%output application/java
---
data: {
	hub: "MUA",
	code: payload.toAirportCode,
	airline: payload.airline
}]]></dw:set-payload>
            <dw:set-variable variableName="xml"><![CDATA[%dw 1.0
%output application/xml
---
data: {
	hub: "MUA",
	flight @(airline: payload.airline):{
		code: payload.toAirportCode
	}
}]]></dw:set-variable>
        </dw:transform-message>
        <logger level="INFO" doc:name="Logger"/>
    </flow>
    <flow name="postMultipleFlightsFlow">
        <http:listener config-ref="HTTP_Listener_Configuration" path="/multipleFlights" allowedMethods="POST" doc:name="HTTP"/>
        <dw:transform-message doc:name="Transform Message" metadata:id="848ba94e-0e9c-463e-b954-6292df0d09c7">
            <dw:input-payload doc:sample="D:\MUlesoft\MUFundamentals3.8_studentFiles_16aug2016\schemas-and-examples\flights-example.xml" mimeType="application/xml"/>
            <dw:set-payload><![CDATA[%dw 1.0
%output application/json
%namespace ns0 http://soap.training.mulesoft.com/
%type currency = :string{format: "###.##"}
%type flights = :object {class: "com.mulesoft.training.Flight"}
---
flights: payload.ns0#listAllFlightsResponse.*return map {
		destination: $.destination,
		price: $.price as :number as :currency,
		planeType: upper $.planeType replace /(BOING)/ with "BOEING",
		departureDate: $.departureDate as :date{format: "yyyy/MM/dd"} as :string{format: "MMM, dd, yyyy"},
		availableSeats: $.emptySeats as :number,
		//totalSeats: getNumSeats($.planeType) 
		totalSeats: lookup("getTotalSeatsFlow", {type: $.planeType})
}]]></dw:set-payload>
        </dw:transform-message>
        <logger level="INFO" doc:name="Logger"/>
    </flow>
    <flow name="getTotalSeatsFlow">
        <expression-component doc:name="Expression"><![CDATA[if(payload.type.contains('737')){
  payload =  150;
} else{
  payload = 300;
}]]></expression-component>
    </flow>
</mule>
